,model,trainingTime,testTime,score
0,SVM,562618.1562851446,349563.29623242014,0.940863674119119
1,GaussianNB,483.84887289069064,310.4641320128968,0.9204153177508213
2,KNN,99.20841142898344,1859645.6005780858,0.9337919694934613
3,RandomForest,191628.910138191,12216.870231062941,0.9449512482565017
4,AdaBoostClassifier,61132.255570098525,7577.376301476691,0.9350645322798177
