,model,trainingTime,testTime,score
0,SVM,784745.7028800339,401363.74592730915,0.9423404189482774
1,GaussianNB,485.86450473153377,271.39797700168606,0.9204561121773904
2,KNN,59.13293413284983,1983081.1660631795,0.9342374378917677
3,RandomForest,209501.87246619278,12763.408136107011,0.9441078929487856
4,AdaBoostClassifier,66813.6904514747,6686.6130451720755,0.9320760108586941
