,model,trainingTime,testTime,score
0,SVM,1238232.1213391223,516845.7015201631,0.9456266295276428
1,GaussianNB,920.8503758460528,723.641010006787,0.5832982293733839
2,KNN,84.30778783179252,1946221.9345805321,0.9321398984479063
3,RandomForest,288810.7175710459,14898.041792160631,0.9453651562283909
4,AdaBoostClassifier,138881.3626982607,10238.377848341528,0.9355188604381464
