,model,trainingTime,testTime,score
0,SVM,538868.1858059337,353207.2128358296,0.9394182557952633
1,GaussianNB,701.5973429675206,247.49790307995733,0.9220286808327118
2,KNN,97.20578865126224,1717083.1726121018,0.9341273306266958
3,RandomForest,173371.16051150145,12808.387172671026,0.9429092847622556
4,AdaBoostClassifier,48101.70121850604,5279.048010364142,0.9296948387117336
